POI_ID,POI_NM,CTPRVN_NM,SIGNGU_NM,LC_LO,LC_LA
7231419,임랑해수욕장,부산광역시,기장군,129.2642611,35.31869433
7232777,오이도해양단지,경기도,시흥시,126.6902931,37.34640271
16758706,구로시장떡볶이골목,서울특별시,구로구,126.8855426,37.48881811
20868088,덕천동젊음의거리,부산광역시,북구,129.0070903,35.20989557
21085594,광안리카페거리,부산광역시,수영구,129.1163874,35.15091579
21085658,동대문패션타운,서울특별시,중구,127.0086616,37.56866403
21085686,을지로타일상가,서울특별시,중구,126.98898,37.56637497
21085883,사강회센터,경기도,화성시,126.7362366,37.21304632
21086097,까치울음식테마마을,경기도,부천시,126.8138061,37.51514031
